{
  "project_info": {
    "project_number": "6907028463",
    "firebase_url": "https://telemedicine-cedd8-default-rtdb.firebaseio.com",
    "project_id": "telemedicine-cedd8",
    "storage_bucket": "telemedicine-cedd8.firebasestorage.app"
  },
  "client": [
    {
      "client_info": {
        "mobilesdk_app_id": "1:6907028463:android:88313e1cfccd0f84604c1a",
        "android_client_info": {
          "package_name": "com.example.telemedicineapp"
        }
      },
      "oauth_client": [],
      "api_key": [
        {
          "current_key": "AIzaSyBMxamHsGyth5swvPHDvBxIWp5zMimPlp8"
        }
      ],
      "services": {
        "appinvite_service": {
          "other_platform_oauth_client": []
        }
      }
    }
  ],
  "configuration_version": "1"
}